'BINLOW','BINUP','BINCENTER','aS=0.115','aS=0.117','aS=0.118','aS=0.119','aS=0.121'
8,1,5,0.115,0.117,0.118,0.119,0.121
200.0,250.0,225.0,0.173642779368,0.178855768201,0.18194613316,0.184428700124,0.189908267024
250.0,315.0,282.5,0.102138081242,0.105069036763,0.106803376034,0.108205366605,0.11131421504
315.0,400.0,357.5,0.0467543633874,0.0480318665438,0.0487971532942,0.049410052012,0.0507933279149
400.0,500.0,450.0,0.018791529462,0.0192806969826,0.0195760579002,0.019812349304,0.0203535842979
500.0,625.0,562.5,0.00716686439833,0.00734611206682,0.00745501292452,0.00754168028918,0.00774494841748
625.0,800.0,712.5,0.0023517269514,0.00240678570056,0.00244243290303,0.00246957402549,0.00253589350226
800.0,1050.0,925.0,0.000609557606177,0.000622751542759,0.000631875390545,0.0006384753303,0.000655600194194
1050.0,1400.0,1225.0,0.000124239027218,0.00012672591854,0.000128548403981,0.000129853469104,0.000133245200214
