'BINLOW','BINUP','BINCENTER','aS=0.116','aS=0.118','aS=0.12'
8,1,3,0.116,0.118,0.12
200.0,250.0,225.0,0.584590525966,0.596656968776,0.608765623839
250.0,315.0,282.5,0.276787665337,0.282608114512,0.288450127169
315.0,400.0,357.5,0.103613969228,0.105792608665,0.107978530093
400.0,500.0,450.0,0.0362408216539,0.0369960044379,0.0377532511498
500.0,625.0,562.5,0.0124904220328,0.0127483114334,0.0130067528711
625.0,800.0,712.5,0.00375659399518,0.00383292817957,0.00390937037458
800.0,1050.0,925.0,0.000925804096663,0.000944302496685,0.000962813040721
1050.0,1400.0,1225.0,0.000176373269713,0.000179829992399,0.000183286148582
