'BINLOW','BINUP','BINCENTER','aS=0.116','aS=0.118','aS=0.12'
8,1,3,0.116,0.118,0.12
200.0,250.0,225.0,0.178535865278,0.184704903817,0.190969842108
250.0,315.0,282.5,0.103782041019,0.107278749403,0.110825670021
315.0,400.0,357.5,0.0473457739151,0.0489169419874,0.0505094747886
400.0,500.0,450.0,0.0190622432006,0.0196836935957,0.0203130597264
500.0,625.0,562.5,0.00698131287192,0.00720193839848,0.00742506312869
625.0,800.0,712.5,0.0023205318516,0.00239320278413,0.00246666053527
800.0,1050.0,925.0,0.000627336609932,0.000646605648516,0.00066606561813
1050.0,1400.0,1225.0,0.000120048853515,0.000123701567582,0.000127388504052
