'BINLOW','BINUP','BINCENTER','aS=0.116','aS=0.118','aS=0.12'
8,1,3,0.116,0.118,0.12
200.0,250.0,225.0,0.585751462166,0.596656968776,0.60837471654
250.0,315.0,282.5,0.27739931612,0.282608114512,0.288119323344
315.0,400.0,357.5,0.103864756936,0.105792608665,0.107795107583
400.0,500.0,450.0,0.0363400561525,0.0369960044379,0.0376656107906
500.0,625.0,562.5,0.0125288972688,0.0127483114334,0.0129671131159
625.0,800.0,712.5,0.00376957831754,0.00383292817957,0.00389415428592
800.0,1050.0,925.0,0.00092967875148,0.000944302496685,0.000958141245331
1050.0,1400.0,1225.0,0.000177237776654,0.000179829992399,0.000182208831452
