'BINLOW','BINUP','BINCENTER','aS=0.115','aS=0.117','aS=0.118','aS=0.119','aS=0.121'
8,1,5,0.115,0.117,0.118,0.119,0.121
200.0,250.0,225.0,0.564404037116,0.576162003488,0.582056730287,0.58796177292,0.599802269783
250.0,315.0,282.5,0.268435212605,0.274134353256,0.276992024293,0.279855000164,0.285596582172
315.0,400.0,357.5,0.101094175703,0.103240968288,0.104317130795,0.105395098136,0.107556330775
400.0,500.0,450.0,0.0355636846933,0.0363123546045,0.0366874845536,0.0370631298089,0.0378159227867
500.0,625.0,562.5,0.0123382462401,0.0125956914691,0.0127246307475,0.0128537091522,0.0131122676498
625.0,800.0,712.5,0.00373267193346,0.00380934277873,0.00384772189328,0.00388612851984,0.00396301955121
800.0,1050.0,925.0,0.000926560757532,0.000945277815047,0.000954641671893,0.000964008683264,0.000982751002246
1050.0,1400.0,1225.0,0.00017780841493,0.000181332145639,0.000183093927241,0.000184855578993,0.000188378276285
