'BINLOW','BINUP','BINCENTER','aS=0.115','aS=0.117','aS=0.118','aS=0.119','aS=0.121'
8,1,5,0.115,0.117,0.118,0.119,0.121
200.0,250.0,225.0,0.566445223295,0.575609036271,0.582056730287,0.585952318046,0.595543114177
250.0,315.0,282.5,0.269694114017,0.274013585408,0.276992024293,0.278843605144,0.283414142807
315.0,400.0,357.5,0.101683055637,0.103246128402,0.104317130795,0.104998062838,0.106681825541
400.0,500.0,450.0,0.0358096343963,0.0363312740374,0.0366874845536,0.036917899406,0.0374957041019
500.0,625.0,562.5,0.0124355237541,0.0126075705218,0.0127246307475,0.0128012231743,0.0129986325418
625.0,800.0,712.5,0.00376542386604,0.00381355943469,0.00384772189328,0.00386935217309,0.00392848538613
800.0,1050.0,925.0,0.000935441012218,0.000946366508052,0.000954641671893,0.00095961948362,0.000974353796488
1050.0,1400.0,1225.0,0.000179636526135,0.000181477614844,0.000183093927241,0.000184015791126,0.000186888929346
