'BINLOW','BINUP','BINCENTER','aS=0.116','aS=0.118','aS=0.12'
8,1,3,0.116,0.118,0.12
200.0,250.0,225.0,0.178468147954,0.184442062685,0.190679983113
250.0,315.0,282.5,0.104575891762,0.107954282998,0.111460853759
315.0,400.0,357.5,0.0475765822215,0.0490729416753,0.0506067120165
400.0,500.0,450.0,0.0190109789078,0.0195873679921,0.0201708770464
500.0,625.0,562.5,0.0072105705702,0.00742313308554,0.00763469412047
625.0,800.0,712.5,0.00234716710991,0.00241375587797,0.00247952225672
800.0,1050.0,925.0,0.000607078511894,0.00062331744897,0.000639074807725
1050.0,1400.0,1225.0,0.00012253627792,0.000125618180593,0.000128574597041
