'XERRLOW','XERRUP','YERRLOW','YERRUP'
25.0,25.0,0.00111354,0.00111354
32.5,32.5,0.0009118548,0.0009118548
42.5,42.5,0.0002783393,0.0002783393
50.0,50.0,0.000145,0.000145
62.5,62.5,6.029978e-05,6.029978e-05
87.5,87.5,2.419527e-05,2.419527e-05
125.0,125.0,6.37384e-06,6.37384e-06
175.0,175.0,2.85993e-06,2.85993e-06
