'XERRLOW','XERRUP','YERRLOW','YERRUP'
25.0,25.0,0.002355543,0.002355543
32.5,32.5,0.0007291103,0.0007291103
42.5,42.5,0.0002892346,0.0002892346
50.0,50.0,0.0001443858,0.0001443858
62.5,62.5,6.005311e-05,6.005311e-05
87.5,87.5,2.583707e-05,2.583707e-05
125.0,125.0,8.1646e-06,8.1646e-06
175.0,175.0,2.865176e-06,2.865176e-06
