'XERRLOW','XERRUP','YERRLOW','YERRUP'
25.0,25.0,0.001508555,0.001508555
32.5,32.5,0.0005022204,0.0005022204
42.5,42.5,0.0002797353,0.0002797353
50.0,50.0,9.501603e-05,9.501603e-05
62.5,62.5,4.386126e-05,4.386126e-05
87.5,87.5,1.438978e-05,1.438978e-05
125.0,125.0,5.128601e-06,5.128601e-06
175.0,175.0,1.224694e-06,1.224694e-06
