'XERRLOW','XERRUP','YERRLOW','YERRUP'
75.0,75.0,0.0001454566,0.0001454566
75.0,75.0,4.555929e-05,4.555929e-05
100.0,100.0,1.625795e-05,1.625795e-05
150.0,150.0,4.948301e-06,4.948301e-06
200.0,200.0,1.487217e-06,1.487217e-06
