'XERRLOW','XERRUP','YERRLOW','YERRUP'
25.0,25.0,0.001115086,0.001115086
32.5,32.5,0.0009037863,0.0009037863
42.5,42.5,0.0002795575,0.0002795575
50.0,50.0,0.0001440363,0.0001440363
62.5,62.5,6.089063e-05,6.089063e-05
87.5,87.5,2.431065e-05,2.431065e-05
125.0,125.0,6.406038e-06,6.406038e-06
175.0,175.0,2.912241e-06,2.912241e-06
