'XERRLOW','XERRUP','YERRLOW','YERRUP'
25.0,25.0,0.001063853,0.001063853
32.5,32.5,0.0009245318,0.0009245318
42.5,42.5,0.0002777657,0.0002777657
50.0,50.0,0.0001398077,0.0001398077
62.5,62.5,6.179255e-05,6.179255e-05
87.5,87.5,2.497339e-05,2.497339e-05
125.0,125.0,6.613837e-06,6.613837e-06
175.0,175.0,2.579062e-06,2.579062e-06
