'XERRLOW','XERRUP','YERRLOW','YERRUP'
37.5,37.5,0.001126626,0.001126626
50.0,50.0,0.0005316776,0.0005316776
75.0,75.0,0.0001251553,0.0001251553
100.0,100.0,6.475648e-05,6.475648e-05
162.5,162.5,5.343457e-06,5.343457e-06
