'XERRLOW','XERRUP','YERRLOW','YERRUP'
25.0,25.0,0.001551429,0.001551429
32.5,32.5,0.0005115953,0.0005115953
42.5,42.5,0.0002829628,0.0002829628
50.0,50.0,9.651754e-05,9.651754e-05
62.5,62.5,4.390938e-05,4.390938e-05
87.5,87.5,1.43151e-05,1.43151e-05
125.0,125.0,5.077479e-06,5.077479e-06
175.0,175.0,1.214621e-06,1.214621e-06
